<?xml version="1.0" encoding="UTF-8"?>
<beans xmlns="http://www.springframework.org/schema/beans"
xmlns:xsi="http://www.w3.org/2001/XMLSchema-instance"
xsi:schemaLocation=" http://www.springframework.org/schema/beans http://www.springframework.org/schema/beans/spring-beans.xsd">


<bean id="player1" class="com.assignment4.Player" >
<property name="playerId" value="P001" />
<property name="playerName" value="Sachin"/>
<property name="country" ref="country1"/>
</bean>


<bean id="player2" class="com.assignment4.Player" >
<property name="playerId" value="P002" />
<property name="playerName" value="Aswin"/>
<property name="country" ref="country1"/>
</bean>
<bean id="player3" class="com.assignment4.Player" >
<property name="playerId" value="P003" />
<property name="playerName" value="Dhoni"/>
<property name="country" ref="country1"/>
</bean>
<bean id="player4" class="com.assignment4.Player" >
<property name="playerId" value="P004" />
<property name="playerName" value="Kusal Perera"/>
<property name="country" ref="country2"/>
</bean>
<bean id="player5" class="com.assignment4.Player" >
<property name="playerId" value="P005" />
<property name="playerName" value="Lasith Malinga"/>
<property name="country" ref="country2"/>
</bean>

<bean id="country1" class="com.assignment4.Country">
  <property name="countryId" value="C001"></property>
  <property name="countryName" value="India"></property>
</bean>


<bean id="country2" class="com.assignment4.Country">
  <property name="countryId" value="C002"></property>
  <property name="countryName" value="Srilanka"></property>
</bean>





</beans>