<?xml version="1.0" encoding="UTF-8"?>
<beans xmlns="http://www.springframework.org/schema/beans"
xmlns:xsi="http://www.w3.org/2001/XMLSchema-instance"
xsi:schemaLocation=" http://www.springframework.org/schema/beans http://www.springframework.org/schema/beans/spring-beans.xsd">


<bean id="student" class="com.assignment3.Student" >
<property name="studentId" value="S001" />
<property name="studentName" value="Ameer"/>
<property name="studentTest">
<list>
<ref bean="test1"/>
<bean id="test2" class="com.assignment3.Test">
  <property name="testId" value="T002"></property>
  <property name="testName" value="HTML"></property>
  <property name="testmarks" value="90"></property>

</bean>

</list>
</property>
</bean>

<bean id="student1" class="com.assignment3.Student" >
<property name="studentId" value="S002" />
<property name="studentName" value="Akbar"/>
<property name="studentTest">
<list>
<ref bean="test3"/>

</list>
</property>
</bean>

<bean id="test1" class="com.assignment3.Test">
  <property name="testId" value="T001"></property>
  <property name="testName" value="CoreJava"></property>
  <property name="testmarks" value="80"></property>

</bean>


<bean id="test3" class="com.assignment3.Test">
  <property name="testId" value="T003"></property>
  <property name="testName" value="Java Script"></property>
  <property name="testmarks" value="85"></property>

</bean>



</beans>